nia_jacobi@luettgen.org,Sr. Luiz Henrique Ramos,832/285-7033
elvis.macejkovic@reilly.org,Sr. Yasmin Tavares,(350) 422-7195
triston_ferry@metz.biz,Lara da Silveira,4542158092
theodora2044@graham.name,Marcelo Viveiros,5254789329
princess.schmidt@cummings.info,Alessandro Assumpção,5278617061
clemens.koepp@carter.org,Benjamin da Rosa,(918) 893-9776
tracy.rogahn@bailey.com,Amanda Almeida,422/458-2982
alexandre.pollich@strosin.org,Olívia Domingues,(367) 522-6129
murl_jaskolski@walker.net,Eloah Jesus,2429373820
oma1935@howe.name,Dr. Maria Castanho Neto,(633) 655-5455
raul2013@rosenbaum.info,João Palmeira,906.518.7122
micah1903@quigley.info,Djalma Vieira,677.834.2264
alba2084@anderson.biz,Dr. Ian Grotas,370/527-2637
dan_lueilwitz@purdy.org,Lívia Peixoto,731.638.0780
lauretta2065@dicki.biz,Maria Fernanda Passarinho,904/963-7425
jaiden_krajcik@botsford.net,Lucas Gabriel Rebouças,8022386123
branson.block@lehner.name,Lorraine Aguiar,528/264-7418
ethel2043@stiedemann.biz,Rafaela Corrêa,4165721697
kareem2097@hayes.org,Pérola Arriaga,(241) 814-9484
dario_hartmann@pollich.biz,Pérola Resende,785.441.6201
russ1995@okeefe.com,Dr. Márcia Hermingues,(421) 535-2878
gust2016@stokes.name,Márcio Gomide,251/934-9058
kiley_padberg@bartell.org,Bryan Sales Neto,687-532-9901
lydia2009@harvey.info,Dr. João Pedro Batista Neto,834/388-2741
myrtie.kuhn@bayer.com,Célia Fogaça,973-291-7299
tess.oberbrunner@rau.net,Maria Helena Gentil,360-678-6082
justyn2040@terry.org,Ana Laura Moreira,7647294959
lizzie.kreiger@gerhold.info,Heloísa da Gama Neto,(842) 634-2434
jaylon2006@gorczany.org,Lucas da Maia,474/594-2580
christina1971@lind.org,João Lucas de Borba,711.221.5418
anastacio2052@daniel.net,Marcos Freitas,736-637-1706
ottis1947@adams.name,Kaique Barbosa,338/794-7605
maye.quigley@dare.name,Sophie Bouças,302/791-4707
shany.wehner@oconner.com,Sra. Alice Barata,715/381-6949
lavada_kertzmann@kutch.org,Yuri Brites,(767) 563-4354
ansley_shanahan@goldner.name,Stella Corrêa,210/284-4863
maida.jacobi@white.com,Yago Álvares,361.318.1599
jakob1918@mills.org,Bento da Mata,(643) 693-6675
terence1956@moore.name,Célia Duarte,(411) 838-9039
emanuel_schaden@armstrong.com,Pedro Henrique Sá,429/224-0833
mitchell.conroy@lynch.info,Gabriela de Sá,579-874-0793
larue_purdy@wuckert.biz,João Guilherme Neves Neto,232.336.1866
callie2041@stamm.biz,Felipe Velasques,730-262-4607
verlie2040@batz.info,Ana Laura Silva,521/469-0080
kiera2096@homenick.com,Dr. Maria Clara Mendanha Filho,234-703-2042
shania1932@lesch.name,Pietro de Lara,346.498.0888
christy2088@kunde.info,Maria Cecília Mendanha,9196797275
dorcas2016@boyer.name,Aurora Ramos,(483) 224-4343
Jose@jose,Jose,31412512512
